{
    "roc_auc": 0.3584070796460177,
    "confusion_matrix": [
        [
            0,
            113
        ],
        [
            0,
            1
        ]
    ],
    "classification_report": {
        "Non-Exoplanet": {
            "precision": 0.0,
            "recall": 0.0,
            "f1-score": 0.0,
            "support": 113.0
        },
        "Exoplanet": {
            "precision": 0.008771929824561403,
            "recall": 1.0,
            "f1-score": 0.017391304347826087,
            "support": 1.0
        },
        "accuracy": 0.008771929824561403,
        "macro avg": {
            "precision": 0.0043859649122807015,
            "recall": 0.5,
            "f1-score": 0.008695652173913044,
            "support": 114.0
        },
        "weighted avg": {
            "precision": 7.694675284702985e-05,
            "recall": 0.008771929824561403,
            "f1-score": 0.00015255530129672007,
            "support": 114.0
        }
    }
}